Name,Reviews
Aga Khan University Hospital,
Liaquat National Hospital,
Jinnah Postgraduate Medical Centre,
Indus Hospital,
Dr. Ziauddin Hospital,
National Institute of Cardiovascular Diseases,
South City Hospital,
PNS Shifa,
Sindh Institute of Urology and Transplantation (SIUT),
Civil Hospital Karachi,
Abbasi Shaheed Hospital,
Lady Dufferin Hospital,
Karachi Adventist Hospital,
Hill Park General Hospital,
Patel Hospital,
Altamash General Hospital,
Kharadar General Hospital,
Mamji Hospital,
OMI Hospital,
Karachi Psychiatric Hospital,
Burhani Hospital,
Kiran Hospital,
Tabba Heart Institute,
Memon Medical Institute Hospital,
Liaquat National Hospital & Medical College,
Hashmanis Hospital,
National Medical Centre,
Baqai Hospital,
A.O. Clinic,
Fatimid Foundation,
Zainab Panjwani Memorial Hospital,
Sobraj Maternity Hospital,
Maroof International Hospital,
Saifee Hospital,
Habib Medical Centre,
Shaukat Khanum Memorial Cancer Hospital & Research Centre,
Usman Memorial Hospital,
Lyari General Hospital,
Rahat Kada,
Ankle Saria Hospital,
Karachi Eye Hospital,
The Kidney Centre,
Holy Family Hospital,
Ibn-e-Sina Hospital,
Imtiaz Memorial Hospital,
North Karachi Hospital,
Orangi Town General Hospital,
Murshid Hospital,
Medilink Hospital,
Faiz-e-Aam General Hospital,
Dow University Hospital,
Darul Sehat Hospital,
Kutiyana Memon Hospital,
Lady Health Worker Hospital,
Mehmooda Sultana Hospital,
Najmuddin Hospital,
Khaliq Dina Hall and Library,
Rizvia Society General Hospital,
Sobhraj Maternity Home,
Asghar Hospital,
Al-Mustafa Medical Centre,
Burhani Blood Bank,
Clifton Hospital,
Gulshan Psychiatric Hospital,
Hill Park Dental Hospital,
Karachi Medical Complex,
KPT Hospital,
Marie Adelaide Leprosy Centre,
Mid East Medical Centre,
Mideast Radiology Centre,
Model Colony Malir Hospital,
North City Hospital,
PNS Rahat,
Saifi Hospital,
Shah Faisal Hospital,
Sindh Government Hospital,
Sindh Government Lyari General Hospital,
Sir Syed Hospital,
Social Security Hospital,
Tahir Medical Centre,
Valika Hospital,
Zia Medical Centre,
Pakistan Air Force Hospital Faisal,
Karim Hospital,
Markaz-e-Umeed,
Aziz Medical Centre,
Hasan General Hospital,
Help NGO General Hospital,
Medicare Hospital and Clinic,
PECHS Trauma and General Hospital,
Rufi Hospital,
Sohrab Goth Hospital,
Taj Medical Complex,
Bin Hashim Hospital and Maternity Home,
